{"cameraMode":{"drawMode":0,"name":"Shaded","section":"Shading Mode"},"sceneLighting":true,"audioPlay":false,"sceneViewState":{"m_AlwaysRefresh":false,"showFog":true,"showSkybox":true,"showFlares":true,"showImageEffects":true,"showParticleSystems":true,"showVisualEffectGraphs":true,"m_FxEnabled":true},"in2DMode":false,"pivot":{"x":2.509338140487671,"y":-1.1849428415298463,"z":-2.0338330268859865},"rotation":{"x":0.16230425238609315,"y":-0.07481474429368973,"z":0.01234234869480133,"w":0.9838247299194336},"size":15.211869239807129,"orthographic":false}